id,title,description,availability,condition,price,link,image_link,brand,google_product_category,fb_product_category,custom_label_0
"prod_1","5-HTP капс. (спокойствие, сон) 400мг №60 GLS","Премиальный продукт GLS для укрепления здоровья. Биологически активная добавка к пище (БАД). Не является лекарственным средством.","in stock","new","91.00 TJS","https://www.toj-vitamin.tj/product/5-htp-капс.-спокойствие,-сон-400мг-№60-gls","https://azbseceyovktqztjslup.supabase.co/storage/v1/object/public/product-images/transparent/prod-1.png","GLS Pharmaceuticals","Health & Beauty > Health Care > Fitness & Nutrition > Vitamins & Supplements","health & beauty > health care > fitness & nutrition > vitamins & supplements","Витамины и БАД"
"prod_10","Бета-каротин капс (омоложение, кожа, зрение) 450мг №60 GLS","Премиальный продукт GLS для укрепления здоровья. Биологически активная добавка к пище (БАД). Не является лекарственным средством.","in stock","new","130.00 TJS","https://www.toj-vitamin.tj/product/бета-каротин-капс-омоложение,-кожа,-зрение-450мг-№60-gls","https://azbseceyovktqztjslup.supabase.co/storage/v1/object/public/product-images/transparent/prod-10.png","GLS Pharmaceuticals","Health & Beauty > Health Care > Fitness & Nutrition > Vitamins & Supplements","health & beauty > health care > fitness & nutrition > vitamins & supplements","Витамины и БАД"
"prod_101","Цинк без сахара шипучие таб.№20 м.3,8г лимон GLS","Премиальный продукт GLS для укрепления здоровья. Биологически активная добавка к пище (БАД). Не является лекарственным средством.","in stock","new","65.00 TJS","https://www.toj-vitamin.tj/product/цинк-без-сахара-шипучие-таб.№20-м.3,8г-лимон-gls","https://azbseceyovktqztjslup.supabase.co/storage/v1/object/public/product-images/transparent/prod-101.png","GLS Pharmaceuticals","Health & Beauty > Health Care > Fitness & Nutrition > Vitamins & Supplements","health & beauty > health care > fitness & nutrition > vitamins & supplements","Витамины и БАД"
"prod_102","Цинк селен капс. (красота, антиоксидант) 320мг №60 GLS","Премиальный продукт GLS для укрепления здоровья. Биологически активная добавка к пище (БАД). Не является лекарственным средством.","in stock","new","65.00 TJS","https://www.toj-vitamin.tj/product/цинк-селен-капс.-красота,-фетильность-320мг-№60-gls","https://azbseceyovktqztjslup.supabase.co/storage/v1/object/public/product-images/transparent/prod-102.png","GLS Pharmaceuticals","Health & Beauty > Health Care > Fitness & Nutrition > Vitamins & Supplements","health & beauty > health care > fitness & nutrition > vitamins & supplements","Витамины и БАД"
"prod_103","Цинк хелат капс. (для мужчин и волос) 400мг №60 GLS","Премиальный продукт GLS для укрепления здоровья. Биологически активная добавка к пище (БАД). Не является лекарственным средством.","in stock","new","65.00 TJS","https://www.toj-vitamin.tj/product/цинк-хелат-капс.-для-мужчин-и-волос-400мг-№60-gls","https://azbseceyovktqztjslup.supabase.co/storage/v1/object/public/product-images/transparent/prod-103.png","GLS Pharmaceuticals","Health & Beauty > Health Care > Fitness & Nutrition > Vitamins & Supplements","health & beauty > health care > fitness & nutrition > vitamins & supplements","Витамины и БАД"
"prod_104","Цинк цитрат капс. (для силы мужчин и женщин)350мг №60 GLS","Премиальный продукт GLS для укрепления здоровья. Биологически активная добавка к пище (БАД). Не является лекарственным средством.","in stock","new","65.00 TJS","https://www.toj-vitamin.tj/product/цинк-цитрат-капс.-для-силы-мужчин-и-женщин350мг-№60-gls","https://azbseceyovktqztjslup.supabase.co/storage/v1/object/public/product-images/transparent/prod-104.png","GLS Pharmaceuticals","Health & Beauty > Health Care > Fitness & Nutrition > Vitamins & Supplements","health & beauty > health care > fitness & nutrition > vitamins & supplements","Витамины и БАД"
"prod_106","Черника+А+Е капс.(зрение, глаз) 400мг №60 GLS","Премиальный продукт GLS для укрепления здоровья. Биологически активная добавка к пище (БАД). Не является лекарственным средством.","in stock","new","78.00 TJS","https://www.toj-vitamin.tj/product/черника+а+е-капс.зрение,-глаз-400мг-№60-gls","https://azbseceyovktqztjslup.supabase.co/storage/v1/object/public/product-images/transparent/prod-106.png","GLS Pharmaceuticals","Health & Beauty > Health Care > Fitness & Nutrition > Vitamins & Supplements","health & beauty > health care > fitness & nutrition > vitamins & supplements","Витамины и БАД"
"prod_107","Чеснок экстракт капс. (иммунитет, сосуды) 400мг №60 GLS","Премиальный продукт GLS для укрепления здоровья. Биологически активная добавка к пище (БАД). Не является лекарственным средством.","in stock","new","91.00 TJS","https://www.toj-vitamin.tj/product/чеснок-капс.-очищение,-иммунитет-400мг-№60-gls","https://azbseceyovktqztjslup.supabase.co/storage/v1/object/public/product-images/transparent/prod-107.png","GLS Pharmaceuticals","Health & Beauty > Health Care > Fitness & Nutrition > Vitamins & Supplements","health & beauty > health care > fitness & nutrition > vitamins & supplements","Витамины и БАД"
"prod_108","Жидкий хлорофил GLS 500 мг","Высококачественный комплекс Жидкий хлорофил GLS 500 мг от бренда GLS Pharmaceuticals. Предназначен для ежедневной поддержки жизненного тонуса, энергии и отличного самочувствия. Произведено по строгим стандартам качества. Биологически активная добавка к пище (БАД). Не является лекарственным средством.","in stock","new","286.00 TJS","https://www.toj-vitamin.tj/product/жидкий-хлорофил-gls-500-мг","https://azbseceyovktqztjslup.supabase.co/storage/v1/object/public/product-images/108-1788580613157.jpg","GLS Pharmaceuticals","Health & Beauty > Health Care > Fitness & Nutrition > Vitamins & Supplements","health & beauty > health care > fitness & nutrition > vitamins & supplements","Витамины и БАД"
"prod_109","GLS Комплекс для мужчин (сила, тонус и энергия)","Высококачественный комплекс GLS Комплекс для мужчин (сила, тонус и энергия) от бренда GLS Pharmaceuticals. Предназначен для ежедневной поддержки жизненного тонуса, энергии и отличного самочувствия. Произведено по строгим стандартам качества. Биологически активная добавка к пище (БАД). Не является лекарственным средством.","in stock","new","169.00 TJS","https://www.toj-vitamin.tj/product/бустер-тестостерона","https://azbseceyovktqztjslup.supabase.co/storage/v1/object/public/product-images/109-1788580705696.jpg","GLS Pharmaceuticals","Health & Beauty > Health Care > Fitness & Nutrition > Vitamins & Supplements","health & beauty > health care > fitness & nutrition > vitamins & supplements","Витамины и БАД"
"prod_11","Биотин без сахара шипучие таб. (красота, кожа) №20 масса 3.8г GLS","Премиальный продукт GLS для укрепления здоровья. Биологически активная добавка к пище (БАД). Не является лекарственным средством.","in stock","new","59.00 TJS","https://www.toj-vitamin.tj/product/биотин-без-сахара-шипучие-таб.-красота,-кожа-№20-масса-3.8г-gls","https://azbseceyovktqztjslup.supabase.co/storage/v1/object/public/product-images/transparent/prod-11.png","GLS Pharmaceuticals","Health & Beauty > Health Care > Fitness & Nutrition > Vitamins & Supplements","health & beauty > health care > fitness & nutrition > vitamins & supplements","Витамины и БАД"
"prod_110","Л-аргинин","Высококачественный комплекс Л-аргинин от бренда GLS Pharmaceuticals. Предназначен для ежедневной поддержки жизненного тонуса, энергии и отличного самочувствия. Произведено по строгим стандартам качества. Биологически активная добавка к пище (БАД). Не является лекарственным средством.","in stock","new","169.00 TJS","https://www.toj-vitamin.tj/product/л-аргинин","https://azbseceyovktqztjslup.supabase.co/storage/v1/object/public/product-images/110-1788580779052.jpg","GLS Pharmaceuticals","Health & Beauty > Health Care > Fitness & Nutrition > Vitamins & Supplements","health & beauty > health care > fitness & nutrition > vitamins & supplements","Витамины и БАД"
"prod_111","Омега 3 pro GLS #120","Высококачественный комплекс Омега 3 pro GLS #120 от бренда GLS Pharmaceuticals. Предназначен для ежедневной поддержки жизненного тонуса, энергии и отличного самочувствия. Произведено по строгим стандартам качества. Биологически активная добавка к пище (БАД). Не является лекарственным средством.","in stock","new","390.00 TJS","https://www.toj-vitamin.tj/product/омега-3-pro-gls-120","https://azbseceyovktqztjslup.supabase.co/storage/v1/object/public/product-images/111-1788589871610.jpg","GLS Pharmaceuticals","Health & Beauty > Health Care > Fitness & Nutrition > Vitamins & Supplements","health & beauty > health care > fitness & nutrition > vitamins & supplements","Витамины и БАД"
"prod_12","Витамин B12 капс.(кровь, нервы) 190мг №60 GLS","Премиальный продукт GLS для укрепления здоровья. Биологически активная добавка к пище (БАД). Не является лекарственным средством.","in stock","new","59.00 TJS","https://www.toj-vitamin.tj/product/витамин-b12-капс.кровь,-нервы-190мг-№60-gls","https://azbseceyovktqztjslup.supabase.co/storage/v1/object/public/product-images/transparent/prod-12.png","GLS Pharmaceuticals","Health & Beauty > Health Care > Fitness & Nutrition > Vitamins & Supplements","health & beauty > health care > fitness & nutrition > vitamins & supplements","Витамины и БАД"
"prod_13","Витамин B5 капс. (энергия, обмен веществ) 400мг №60 GLS","Премиальный продукт GLS для укрепления здоровья. Биологически активная добавка к пище (БАД). Не является лекарственным средством.","in stock","new","59.00 TJS","https://www.toj-vitamin.tj/product/витамин-b5-капс.-жиросжигание.-энергия-400мг-№60-gls","https://azbseceyovktqztjslup.supabase.co/storage/v1/object/public/product-images/13-1786255594475.jpg","GLS Pharmaceuticals","Health & Beauty > Health Care > Fitness & Nutrition > Vitamins & Supplements","health & beauty > health care > fitness & nutrition > vitamins & supplements","Витамины и БАД"
"prod_14","Витамин D3 для детей паст. (иммунитет, кости) №30 GLS","Премиальный продукт GLS для укрепления здоровья. Биологически активная добавка к пище (БАД). Не является лекарственным средством.","in stock","new","59.00 TJS","https://www.toj-vitamin.tj/product/витамин-d3-для-детей-паст.-иммунитет,-кости-№30-gls","https://azbseceyovktqztjslup.supabase.co/storage/v1/object/public/product-images/transparent/prod-14.png","GLS Pharmaceuticals","Health & Beauty > Health Care > Fitness & Nutrition > Vitamins & Supplements","health & beauty > health care > fitness & nutrition > vitamins & supplements","Витамины и БАД"
"prod_15","Витамин D3 для детей паст. (иммунитет, кости) №90 GLS","Премиальный продукт GLS для укрепления здоровья. Биологически активная добавка к пище (БАД). Не является лекарственным средством.","in stock","new","104.00 TJS","https://www.toj-vitamin.tj/product/витамин-d3-для-детей-паст.-иммунитет,-кости-№90-gls","https://azbseceyovktqztjslup.supabase.co/storage/v1/object/public/product-images/transparent/prod-15.png","GLS Pharmaceuticals","Health & Beauty > Health Care > Fitness & Nutrition > Vitamins & Supplements","health & beauty > health care > fitness & nutrition > vitamins & supplements","Витамины и БАД"
"prod_16","Витамин А 10000МЕ капс. (красота, зрение) 400мг №60 GLS","Премиальный продукт GLS для укрепления здоровья. Биологически активная добавка к пище (БАД). Не является лекарственным средством.","in stock","new","78.00 TJS","https://www.toj-vitamin.tj/product/витамин-а-10000ме-капс.-красота,-зрение-400мг-№60-gls","https://azbseceyovktqztjslup.supabase.co/storage/v1/object/public/product-images/transparent/prod-16.png","GLS Pharmaceuticals","Health & Beauty > Health Care > Fitness & Nutrition > Vitamins & Supplements","health & beauty > health care > fitness & nutrition > vitamins & supplements","Витамины и БАД"
"prod_18","Витамин Д3 2000МЕ капс. (иммунитет, кости) 240мг №60 GLS","Премиальный продукт GLS для укрепления здоровья. Биологически активная добавка к пище (БАД). Не является лекарственным средством.","in stock","new","65.00 TJS","https://www.toj-vitamin.tj/product/витамин-д3-2000ме-капс.-иммунитет,-кости-240мг-№60-gls","https://azbseceyovktqztjslup.supabase.co/storage/v1/object/public/product-images/transparent/prod-18.png","GLS Pharmaceuticals","Health & Beauty > Health Care > Fitness & Nutrition > Vitamins & Supplements","health & beauty > health care > fitness & nutrition > vitamins & supplements","Витамины и БАД"
"prod_19","Витамин Д3+К2 капс. (кости, сосуды) 220мг №60 GLS","Премиальный продукт GLS для укрепления здоровья. Биологически активная добавка к пище (БАД). Не является лекарственным средством.","in stock","new","91.00 TJS","https://www.toj-vitamin.tj/product/витамин-д3+к2-капс.-кости,-сосуды-220мг-№60-gls","https://azbseceyovktqztjslup.supabase.co/storage/v1/object/public/product-images/transparent/prod-19.png","GLS Pharmaceuticals","Health & Beauty > Health Care > Fitness & Nutrition > Vitamins & Supplements","health & beauty > health care > fitness & nutrition > vitamins & supplements","Витамины и БАД"
"prod_2","MSM комплекс капс.400мг №120 GLS","Премиальный продукт GLS для укрепления здоровья. Биологически активная добавка к пище (БАД). Не является лекарственным средством.","in stock","new","156.00 TJS","https://www.toj-vitamin.tj/product/msm-комплекс-капс.400мг-№120-gls","https://azbseceyovktqztjslup.supabase.co/storage/v1/object/public/product-images/transparent/prod-2.png","GLS Pharmaceuticals","Health & Beauty > Health Care > Fitness & Nutrition > Vitamins & Supplements","health & beauty > health care > fitness & nutrition > vitamins & supplements","Витамины и БАД"
"prod_20","Витамин К2 капс. (омоложение, сосуды) 400мг №60 GLS","Премиальный продукт GLS для укрепления здоровья. Биологически активная добавка к пище (БАД). Не является лекарственным средством.","in stock","new","104.00 TJS","https://www.toj-vitamin.tj/product/витамин-к2-капс.-омоложение,-сосуды-400мг-№60-gls","https://azbseceyovktqztjslup.supabase.co/storage/v1/object/public/product-images/transparent/prod-20.png","GLS Pharmaceuticals","Health & Beauty > Health Care > Fitness & Nutrition > Vitamins & Supplements","health & beauty > health care > fitness & nutrition > vitamins & supplements","Витамины и БАД"
"prod_21","Витамин С детс. паст. (иммунитет, сердце) №90 апельсин","Премиальный продукт GLS для укрепления здоровья. Биологически активная добавка к пище (БАД). Не является лекарственным средством.","in stock","new","156.00 TJS","https://www.toj-vitamin.tj/product/витамин-с-детс.-паст.-иммунитет,-сердце-№90-апельсин","https://azbseceyovktqztjslup.supabase.co/storage/v1/object/public/product-images/transparent/prod-21.png","GLS Pharmaceuticals","Health & Beauty > Health Care > Fitness & Nutrition > Vitamins & Supplements","health & beauty > health care > fitness & nutrition > vitamins & supplements","Витамины и БАД"
"prod_22","Витамин С капс. (иммунитет, сердце, красота) 900мг 500мг №60 GLS","Премиальный продукт GLS для укрепления здоровья. Биологически активная добавка к пище (БАД). Не является лекарственным средством.","in stock","new","65.00 TJS","https://www.toj-vitamin.tj/product/витамин-с-капс.-иммунитет,-сердце,-красота-900мг-500мг-№60-gls","https://azbseceyovktqztjslup.supabase.co/storage/v1/object/public/product-images/transparent/prod-22.png","GLS Pharmaceuticals","Health & Beauty > Health Care > Fitness & Nutrition > Vitamins & Supplements","health & beauty > health care > fitness & nutrition > vitamins & supplements","Витамины и БАД"
"prod_23","Витамин С шипучие таб. (иммунитет, сердце, красота) 900мг №20 апельсин","Премиальный продукт GLS для укрепления здоровья. Биологически активная добавка к пище (БАД). Не является лекарственным средством.","in stock","new","59.00 TJS","https://www.toj-vitamin.tj/product/витамин-с-шипучие-таб.-иммунитет,-сердце,-красота-900мг-№20-апельсин","https://azbseceyovktqztjslup.supabase.co/storage/v1/object/public/product-images/transparent/prod-23.png","GLS Pharmaceuticals","Health & Beauty > Health Care > Fitness & Nutrition > Vitamins & Supplements","health & beauty > health care > fitness & nutrition > vitamins & supplements","Витамины и БАД"
"prod_24","Витамин С шипучие таб. (иммунитет, сердце, красота) 900мг №20 лимон","Премиальный продукт GLS для укрепления здоровья. Биологически активная добавка к пище (БАД). Не является лекарственным средством.","in stock","new","59.00 TJS","https://www.toj-vitamin.tj/product/витамин-с-шипучие-таб.-иммунитет,-сердце,-красота-900мг-№20-лимон","https://azbseceyovktqztjslup.supabase.co/storage/v1/object/public/product-images/transparent/prod-24.png","GLS Pharmaceuticals","Health & Beauty > Health Care > Fitness & Nutrition > Vitamins & Supplements","health & beauty > health care > fitness & nutrition > vitamins & supplements","Витамины и БАД"
"prod_25","Витамины для беременных капс.500мг №60 GLS","Премиальный продукт GLS для укрепления здоровья. Биологически активная добавка к пище (БАД). Не является лекарственным средством.","in stock","new","65.00 TJS","https://www.toj-vitamin.tj/product/витамины-для-беременных-капс.500мг-№60-gls","https://azbseceyovktqztjslup.supabase.co/storage/v1/object/public/product-images/transparent/prod-25.png","GLS Pharmaceuticals","Health & Beauty > Health Care > Fitness & Nutrition > Vitamins & Supplements","health & beauty > health care > fitness & nutrition > vitamins & supplements","Витамины и БАД"
"prod_26","Витамины для волос капс.370мг №60 GLS","Премиальный продукт GLS для укрепления здоровья. Биологически активная добавка к пище (БАД). Не является лекарственным средством.","in stock","new","111.00 TJS","https://www.toj-vitamin.tj/product/витамины-для-волос-капс.370мг-№60-gls","https://azbseceyovktqztjslup.supabase.co/storage/v1/object/public/product-images/transparent/prod-26.png","GLS Pharmaceuticals","Health & Beauty > Health Care > Fitness & Nutrition > Vitamins & Supplements","health & beauty > health care > fitness & nutrition > vitamins & supplements","Витамины и БАД"
"prod_27","Витамины для глаз капс.420мг №60 GLS","Премиальный продукт GLS для укрепления здоровья. Биологически активная добавка к пище (БАД). Не является лекарственным средством.","in stock","new","111.00 TJS","https://www.toj-vitamin.tj/product/витамины-для-глаз-капс.420мг-№60-gls","https://azbseceyovktqztjslup.supabase.co/storage/v1/object/public/product-images/transparent/prod-27.png","GLS Pharmaceuticals","Health & Beauty > Health Care > Fitness & Nutrition > Vitamins & Supplements","health & beauty > health care > fitness & nutrition > vitamins & supplements","Витамины и БАД"
"prod_28","В-комплекс капс. (иммунитет, энергия) 430мг №60 GLS","Премиальный продукт GLS для укрепления здоровья. Биологически активная добавка к пище (БАД). Не является лекарственным средством.","in stock","new","91.00 TJS","https://www.toj-vitamin.tj/product/в-комплекс-капс.-иммунитет,-энергия-430мг-№60-gls","https://azbseceyovktqztjslup.supabase.co/storage/v1/object/public/product-images/transparent/prod-28.png","GLS Pharmaceuticals","Health & Beauty > Health Care > Fitness & Nutrition > Vitamins & Supplements","health & beauty > health care > fitness & nutrition > vitamins & supplements","Витамины и БАД"
"prod_29","Гиалуроновая кислота капс. (красота, кожа, суставы) 300мг №30 GLS","Премиальный продукт GLS для укрепления здоровья. Биологически активная добавка к пище (БАД). Не является лекарственным средством.","in stock","new","91.00 TJS","https://www.toj-vitamin.tj/product/гиалуроновая-кислота-капс.-красота,-кожа,-суставы-300мг-№30-gls","https://azbseceyovktqztjslup.supabase.co/storage/v1/object/public/product-images/transparent/prod-29.png","GLS Pharmaceuticals","Health & Beauty > Health Care > Fitness & Nutrition > Vitamins & Supplements","health & beauty > health care > fitness & nutrition > vitamins & supplements","Витамины и БАД"
"prod_3","PQQ комплекс капс. (энергия, продуктивность) 400мг №30 GLS","Премиальный продукт GLS для укрепления здоровья. Биологически активная добавка к пище (БАД). Не является лекарственным средством.","in stock","new","163.00 TJS","https://www.toj-vitamin.tj/product/pqq-комплекс-капс.-энергия,-продуктивность-400мг-№30-gls","https://azbseceyovktqztjslup.supabase.co/storage/v1/object/public/product-images/transparent/prod-3.png","GLS Pharmaceuticals","Health & Beauty > Health Care > Fitness & Nutrition > Vitamins & Supplements","health & beauty > health care > fitness & nutrition > vitamins & supplements","Витамины и БАД"
"prod_30","Гиалуроновая кислота капс. (красота, кожа, суставы) 300мг №60 GLS","Премиальный продукт GLS для укрепления здоровья. Биологически активная добавка к пище (БАД). Не является лекарственным средством.","in stock","new","130.00 TJS","https://www.toj-vitamin.tj/product/гиалуроновая-кислота-капс.-красота,-кожа,-суставы-300мг-№60-gls","https://azbseceyovktqztjslup.supabase.co/storage/v1/object/public/product-images/transparent/prod-30.png","GLS Pharmaceuticals","Health & Beauty > Health Care > Fitness & Nutrition > Vitamins & Supplements","health & beauty > health care > fitness & nutrition > vitamins & supplements","Витамины и БАД"
"prod_31","Гинкго билоба + Готу кола капс. (память, продуктивность) 380мг №60 GLS","Премиальный продукт GLS для укрепления здоровья. Биологически активная добавка к пище (БАД). Не является лекарственным средством.","in stock","new","104.00 TJS","https://www.toj-vitamin.tj/product/гинкго-билоба-+-готу-кола-капс.-память,-продуктивность-380мг-№60-gls","https://azbseceyovktqztjslup.supabase.co/storage/v1/object/public/product-images/transparent/prod-31.png","GLS Pharmaceuticals","Health & Beauty > Health Care > Fitness & Nutrition > Vitamins & Supplements","health & beauty > health care > fitness & nutrition > vitamins & supplements","Витамины и БАД"
"prod_32","Глутатион капс. (антиоксидант, омоложение) 300мг №60 GLS","Премиальный продукт GLS для укрепления здоровья. Биологически активная добавка к пище (БАД). Не является лекарственным средством.","in stock","new","104.00 TJS","https://www.toj-vitamin.tj/product/глутатион-капс.-омоложение,-очищение-300мг-№60-gls","https://azbseceyovktqztjslup.supabase.co/storage/v1/object/public/product-images/transparent/prod-32.png","GLS Pharmaceuticals","Health & Beauty > Health Care > Fitness & Nutrition > Vitamins & Supplements","health & beauty > health care > fitness & nutrition > vitamins & supplements","Витамины и БАД"
"prod_33","Глюкозамин Хондроитин капс. (суставы, кости) 400мг №120 GLS","Премиальный продукт GLS для укрепления здоровья. Биологически активная добавка к пище (БАД). Не является лекарственным средством.","in stock","new","143.00 TJS","https://www.toj-vitamin.tj/product/глюкозамин-хондроитин-капс.-суставы,-кости-400мг-№120-gls","https://azbseceyovktqztjslup.supabase.co/storage/v1/object/public/product-images/transparent/prod-33.png","GLS Pharmaceuticals","Health & Beauty > Health Care > Fitness & Nutrition > Vitamins & Supplements","health & beauty > health care > fitness & nutrition > vitamins & supplements","Витамины и БАД"
"prod_34","GLS Глюко Баланс формула капс. 450мг №60","Премиальный продукт GLS для укрепления здоровья. Биологически активная добавка к пище (БАД). Не является лекарственным средством.","in stock","new","111.00 TJS","https://www.toj-vitamin.tj/product/диабет-формула-капс.450мг-№60-gls","https://azbseceyovktqztjslup.supabase.co/storage/v1/object/public/product-images/transparent/prod-34.png","GLS Pharmaceuticals","Health & Beauty > Health Care > Fitness & Nutrition > Vitamins & Supplements","health & beauty > health care > fitness & nutrition > vitamins & supplements","Витамины и БАД"
"prod_35","Железо фумарат капс. (кислород, энергия, гемоглобин) 270мг №60 GLS","Премиальный продукт GLS для укрепления здоровья. Биологически активная добавка к пище (БАД). Не является лекарственным средством.","in stock","new","52.00 TJS","https://www.toj-vitamin.tj/product/железо-фумарат-капс.-кислород,-энергия,-гемоглобин-270мг-№60-gls","https://azbseceyovktqztjslup.supabase.co/storage/v1/object/public/product-images/transparent/prod-35.png","GLS Pharmaceuticals","Health & Beauty > Health Care > Fitness & Nutrition > Vitamins & Supplements","health & beauty > health care > fitness & nutrition > vitamins & supplements","Витамины и БАД"
"prod_36","Железо хелат капс. (энергия, уровень гемоглобина) 400мг №60 GLS","Премиальный продукт GLS для укрепления здоровья. Биологически активная добавка к пище (БАД). Не является лекарственным средством.","in stock","new","59.00 TJS","https://www.toj-vitamin.tj/product/железо-хелат-капс.-профилактика-анемии,-синтез-гемоглабина-400мг-№60-gls","https://azbseceyovktqztjslup.supabase.co/storage/v1/object/public/product-images/transparent/prod-36.png","GLS Pharmaceuticals","Health & Beauty > Health Care > Fitness & Nutrition > Vitamins & Supplements","health & beauty > health care > fitness & nutrition > vitamins & supplements","Витамины и БАД"
"prod_37","Женская формула капс. (красота, молодость) 430мг №60 GLS","Премиальный продукт GLS для укрепления здоровья. Биологически активная добавка к пище (БАД). Не является лекарственным средством.","in stock","new","85.00 TJS","https://www.toj-vitamin.tj/product/женская-формула-капс.-красота,-молодость-430мг-№60-gls","https://azbseceyovktqztjslup.supabase.co/storage/v1/object/public/product-images/transparent/prod-37.png","GLS Pharmaceuticals","Health & Beauty > Health Care > Fitness & Nutrition > Vitamins & Supplements","health & beauty > health care > fitness & nutrition > vitamins & supplements","Витамины и БАД"
"prod_38","Женьшень капс. (иммунитет, энергия) 200мг №60 GLS","Премиальный продукт GLS для укрепления здоровья. Биологически активная добавка к пище (БАД). Не является лекарственным средством.","in stock","new","91.00 TJS","https://www.toj-vitamin.tj/product/женьшень-капс.-иммунитет,-энергия-200мг-№60-gls","https://azbseceyovktqztjslup.supabase.co/storage/v1/object/public/product-images/transparent/prod-38.png","GLS Pharmaceuticals","Health & Beauty > Health Care > Fitness & Nutrition > Vitamins & Supplements","health & beauty > health care > fitness & nutrition > vitamins & supplements","Витамины и БАД"
"prod_39","GLS Термо Комплекс капс. (тонус и метаболизм) №60","Премиальный продукт GLS для укрепления здоровья. Биологически активная добавка к пище (БАД). Не является лекарственным средством.","in stock","new","143.00 TJS","https://www.toj-vitamin.tj/product/жиросжигатель-капс.-похудение-№60-gls","https://azbseceyovktqztjslup.supabase.co/storage/v1/object/public/product-images/transparent/prod-39.png","GLS Pharmaceuticals","Health & Beauty > Health Care > Fitness & Nutrition > Vitamins & Supplements","health & beauty > health care > fitness & nutrition > vitamins & supplements","Витамины и БАД"
"prod_4","Алоэ Вера капс. (красота, иммунитет) 400мг №60 GLS","Премиальный продукт GLS для укрепления здоровья. Биологически активная добавка к пище (БАД). Не является лекарственным средством.","in stock","new","65.00 TJS","https://www.toj-vitamin.tj/product/алоэ-вера-капс.-красота,-иммунитет-400мг-№60-gls","https://azbseceyovktqztjslup.supabase.co/storage/v1/object/public/product-images/transparent/prod-4.png","GLS Pharmaceuticals","Health & Beauty > Health Care > Fitness & Nutrition > Vitamins & Supplements","health & beauty > health care > fitness & nutrition > vitamins & supplements","Витамины и БАД"
"prod_40","Инозитол (Максиферт) капс. (женский баланс и метаболизм) №90 GLS","Премиальный продукт GLS для укрепления здоровья. Биологически активная добавка к пище (БАД). Не является лекарственным средством.","in stock","new","143.00 TJS","https://www.toj-vitamin.tj/product/инозитол-максиферт-капс.-баланс-гармонов-№90-gls","https://azbseceyovktqztjslup.supabase.co/storage/v1/object/public/product-images/transparent/prod-40.png","GLS Pharmaceuticals","Health & Beauty > Health Care > Fitness & Nutrition > Vitamins & Supplements","health & beauty > health care > fitness & nutrition > vitamins & supplements","Витамины и БАД"
"prod_41","Йод капс. (щитовидная железа, баланс) №60 GLS","Премиальный продукт GLS для укрепления здоровья. Биологически активная добавка к пище (БАД). Не является лекарственным средством.","in stock","new","65.00 TJS","https://www.toj-vitamin.tj/product/йод-капс.-щитовидная-железа,-баланс-гармонов-№60-gls","https://azbseceyovktqztjslup.supabase.co/storage/v1/object/public/product-images/transparent/prod-41.png","GLS Pharmaceuticals","Health & Beauty > Health Care > Fitness & Nutrition > Vitamins & Supplements","health & beauty > health care > fitness & nutrition > vitamins & supplements","Витамины и БАД"
"prod_42","Экстракт Йохимбе капс. (жизненный тонус и активность) 350мг №60 GLS","Премиальный продукт GLS для укрепления здоровья. Биологически активная добавка к пище (БАД). Не является лекарственным средством.","in stock","new","125.00 TJS","https://www.toj-vitamin.tj/product/йохимбе-капс-похудение,-энергия-350мг-№60-gls","https://azbseceyovktqztjslup.supabase.co/storage/v1/object/public/product-images/transparent/prod-42.png","GLS Pharmaceuticals","Health & Beauty > Health Care > Fitness & Nutrition > Vitamins & Supplements","health & beauty > health care > fitness & nutrition > vitamins & supplements","Витамины и БАД"
"prod_43","Калий магний капс. (для сердца) 430мг №120 GLS","Премиальный продукт GLS для укрепления здоровья. Биологически активная добавка к пище (БАД). Не является лекарственным средством.","in stock","new","104.00 TJS","https://www.toj-vitamin.tj/product/калий-магний-капс.-для-сердца-430мг-№120-gls","https://azbseceyovktqztjslup.supabase.co/storage/v1/object/public/product-images/transparent/prod-43.png","GLS Pharmaceuticals","Health & Beauty > Health Care > Fitness & Nutrition > Vitamins & Supplements","health & beauty > health care > fitness & nutrition > vitamins & supplements","Витамины и БАД"
"prod_44","Кальций D3 капс. (зубы, кости, ногти) 550мг №90 GLS","Премиальный продукт GLS для укрепления здоровья. Биологически активная добавка к пище (БАД). Не является лекарственным средством.","in stock","new","65.00 TJS","https://www.toj-vitamin.tj/product/кальций-d3-капс.-зубы,-кости,-ногти-550мг-№90-gls","https://azbseceyovktqztjslup.supabase.co/storage/v1/object/public/product-images/transparent/prod-44.png","GLS Pharmaceuticals","Health & Beauty > Health Care > Fitness & Nutrition > Vitamins & Supplements","health & beauty > health care > fitness & nutrition > vitamins & supplements","Витамины и БАД"
"prod_45","Кальций Магний Цынк капс. (антистресс, кости) 750мг №120 GLS","Премиальный продукт GLS для укрепления здоровья. Биологически активная добавка к пище (БАД). Не является лекарственным средством.","in stock","new","104.00 TJS","https://www.toj-vitamin.tj/product/кальций-магний-цынк-капс.-антистресс,-кости-750мг-№120-gls","https://azbseceyovktqztjslup.supabase.co/storage/v1/object/public/product-images/transparent/prod-45.png","GLS Pharmaceuticals","Health & Beauty > Health Care > Fitness & Nutrition > Vitamins & Supplements","health & beauty > health care > fitness & nutrition > vitamins & supplements","Витамины и БАД"
"prod_46","Кальций цитрат капс. (ногти, зубы, кости) №120 GLS","Премиальный продукт GLS для укрепления здоровья. Биологически активная добавка к пище (БАД). Не является лекарственным средством.","in stock","new","78.00 TJS","https://www.toj-vitamin.tj/product/кальций-цитрат-капс.-ногти,-зубы,-кости-№120-gls","https://azbseceyovktqztjslup.supabase.co/storage/v1/object/public/product-images/transparent/prod-46.png","GLS Pharmaceuticals","Health & Beauty > Health Care > Fitness & Nutrition > Vitamins & Supplements","health & beauty > health care > fitness & nutrition > vitamins & supplements","Витамины и БАД"
"prod_47","Кардио формула капс.550мг №60 GLS","Премиальный продукт GLS для укрепления здоровья. Биологически активная добавка к пище (БАД). Не является лекарственным средством.","in stock","new","130.00 TJS","https://www.toj-vitamin.tj/product/кардио-формула-капс.550мг-№60-gls","https://azbseceyovktqztjslup.supabase.co/storage/v1/object/public/product-images/transparent/prod-47.png","GLS Pharmaceuticals","Health & Beauty > Health Care > Fitness & Nutrition > Vitamins & Supplements","health & beauty > health care > fitness & nutrition > vitamins & supplements","Витамины и БАД"
"prod_48","Кожа Волосы Ногти капс. 400мг №60 GLS","Премиальный продукт GLS для укрепления здоровья. Биологически активная добавка к пище (БАД). Не является лекарственным средством.","in stock","new","104.00 TJS","https://www.toj-vitamin.tj/product/кожа-волосы-ногти-капс.-400мг-№60-gls","https://azbseceyovktqztjslup.supabase.co/storage/v1/object/public/product-images/transparent/prod-48.png","GLS Pharmaceuticals","Health & Beauty > Health Care > Fitness & Nutrition > Vitamins & Supplements","health & beauty > health care > fitness & nutrition > vitamins & supplements","Витамины и БАД"
"prod_49","Коллаген для суставов капс.400мг №120 GLS","Премиальный продукт GLS для укрепления здоровья. Биологически активная добавка к пище (БАД). Не является лекарственным средством.","in stock","new","117.00 TJS","https://www.toj-vitamin.tj/product/коллаген-для-суставов-капс.400мг-№120-gls","https://azbseceyovktqztjslup.supabase.co/storage/v1/object/public/product-images/transparent/prod-49.png","GLS Pharmaceuticals","Health & Beauty > Health Care > Fitness & Nutrition > Vitamins & Supplements","health & beauty > health care > fitness & nutrition > vitamins & supplements","Витамины и БАД"
"prod_5","Альфа-липоевая кислота капс. (антиоксидант, метаболизм) 400мг №60 GLS","Премиальный продукт GLS для укрепления здоровья. Биологически активная добавка к пище (БАД). Не является лекарственным средством.","in stock","new","78.00 TJS","https://www.toj-vitamin.tj/product/альфа-липоевая-кислота-капс.-молодость,-похудение-400мг-№60-gls","https://azbseceyovktqztjslup.supabase.co/storage/v1/object/public/product-images/transparent/prod-5.png","GLS Pharmaceuticals","Health & Beauty > Health Care > Fitness & Nutrition > Vitamins & Supplements","health & beauty > health care > fitness & nutrition > vitamins & supplements","Витамины и БАД"
"prod_50","Коллаген животный капс. (красота, суставы) 400мг №120 GLS","Премиальный продукт GLS для укрепления здоровья. Биологически активная добавка к пище (БАД). Не является лекарственным средством.","in stock","new","117.00 TJS","https://www.toj-vitamin.tj/product/коллаген-животный-капс.-красота,-суставы-400мг-№120-gls","https://azbseceyovktqztjslup.supabase.co/storage/v1/object/public/product-images/transparent/prod-50.png","GLS Pharmaceuticals","Health & Beauty > Health Care > Fitness & Nutrition > Vitamins & Supplements","health & beauty > health care > fitness & nutrition > vitamins & supplements","Витамины и БАД"
"prod_51","Коллаген морской 1000МЕ капс. (молодость, кожа, волосы) 430мг №180 GLS","Премиальный продукт бренда TOJ-VITAMIN для укрепления здоровья. Биологически активная добавка к пище (БАД). Не является лекарственным средством.","in stock","new","195.00 TJS","https://www.toj-vitamin.tj/product/коллаген-морской-1000ме-капс.-молодость,-кожа,-волосы-430мг-№180-gls","https://azbseceyovktqztjslup.supabase.co/storage/v1/object/public/product-images/transparent/prod-51.png","GLS Pharmaceuticals","Health & Beauty > Health Care > Fitness & Nutrition > Vitamins & Supplements","health & beauty > health care > fitness & nutrition > vitamins & supplements","Витамины и БАД"
"prod_52","Коллаген морской 1000МЕ капс. (молодость, кожа, волосы) 430мг №90 GLS","Премиальный продукт GLS для укрепления здоровья. Биологически активная добавка к пище (БАД). Не является лекарственным средством.","in stock","new","130.00 TJS","https://www.toj-vitamin.tj/product/коллаген-морской-1000ме-капс.-молодость,-кожа,-волосы-430мг-№90-gls","https://azbseceyovktqztjslup.supabase.co/storage/v1/object/public/product-images/transparent/prod-52.png","GLS Pharmaceuticals","Health & Beauty > Health Care > Fitness & Nutrition > Vitamins & Supplements","health & beauty > health care > fitness & nutrition > vitamins & supplements","Витамины и БАД"
"prod_53","Коллаген порошок (красота, суставы) Лесные ягоды 180г GLS","Премиальный продукт GLS для укрепления здоровья. Биологически активная добавка к пище (БАД). Не является лекарственным средством.","in stock","new","195.00 TJS","https://www.toj-vitamin.tj/product/коллаген-порошок-красота,-суставы-лесные-ягоды-180г-gls","https://azbseceyovktqztjslup.supabase.co/storage/v1/object/public/product-images/transparent/prod-53.png","GLS Pharmaceuticals","Health & Beauty > Health Care > Fitness & Nutrition > Vitamins & Supplements","health & beauty > health care > fitness & nutrition > vitamins & supplements","Витамины и БАД"
"prod_54","Коллаген порошок (красота, суставы) Лимон 180г GLS","Премиальный продукт GLS для укрепления здоровья. Биологически активная добавка к пище (БАД). Не является лекарственным средством.","in stock","new","195.00 TJS","https://www.toj-vitamin.tj/product/коллаген-порошок-красота,-суставы-лимон-180г-gls","https://azbseceyovktqztjslup.supabase.co/storage/v1/object/public/product-images/transparent/prod-54.png","GLS Pharmaceuticals","Health & Beauty > Health Care > Fitness & Nutrition > Vitamins & Supplements","health & beauty > health care > fitness & nutrition > vitamins & supplements","Витамины и БАД"
"prod_55","Коллаген порошок (красота, суставы) Малина 180г GLS","Премиальный продукт GLS для укрепления здоровья. Биологически активная добавка к пище (БАД). Не является лекарственным средством.","in stock","new","195.00 TJS","https://www.toj-vitamin.tj/product/коллаген-порошок-красота,-суставы-малина-180г-gls","https://azbseceyovktqztjslup.supabase.co/storage/v1/object/public/product-images/transparent/prod-55.png","GLS Pharmaceuticals","Health & Beauty > Health Care > Fitness & Nutrition > Vitamins & Supplements","health & beauty > health care > fitness & nutrition > vitamins & supplements","Витамины и БАД"
"prod_56","Коэнзим Q10 капс. (красота, сердце) 310мг №60 GLS","Премиальный продукт GLS для укрепления здоровья. Биологически активная добавка к пище (БАД). Не является лекарственным средством.","in stock","new","104.00 TJS","https://www.toj-vitamin.tj/product/коэнзим-q10-капс.-красота,-сердце-310мг-№60-gls","https://azbseceyovktqztjslup.supabase.co/storage/v1/object/public/product-images/transparent/prod-56.png","GLS Pharmaceuticals","Health & Beauty > Health Care > Fitness & Nutrition > Vitamins & Supplements","health & beauty > health care > fitness & nutrition > vitamins & supplements","Витамины и БАД"
"prod_57","Креатин порошок (мышцы, энергия) Малина 150г GLS","Премиальный продукт GLS для укрепления здоровья. Биологически активная добавка к пище (БАД). Не является лекарственным средством.","in stock","new","143.00 TJS","https://www.toj-vitamin.tj/product/креатин-порошок-мышцы,-энергия-малина-150г-gls","https://azbseceyovktqztjslup.supabase.co/storage/v1/object/public/product-images/57-1784049324787.jpg","GLS Pharmaceuticals","Health & Beauty > Health Care > Fitness & Nutrition > Vitamins & Supplements","health & beauty > health care > fitness & nutrition > vitamins & supplements","Витамины и БАД"
"prod_58","Креатин порошок (мышцы, энергия) малина 300г GLS","Премиальный продукт GLS для укрепления здоровья. Биологически активная добавка к пище (БАД). Не является лекарственным средством.","in stock","new","234.00 TJS","https://www.toj-vitamin.tj/product/креатин-порошок-мышцы,-энергия-малина-300г-gls","https://azbseceyovktqztjslup.supabase.co/storage/v1/object/public/product-images/transparent/prod-58.png","GLS Pharmaceuticals","Health & Beauty > Health Care > Fitness & Nutrition > Vitamins & Supplements","health & beauty > health care > fitness & nutrition > vitamins & supplements","Витамины и БАД"
"prod_59","Креатин порошок (мышцы, энергия) Цитрус 300г GLS","Премиальный продукт GLS для укрепления здоровья. Биологически активная добавка к пище (БАД). Не является лекарственным средством.","in stock","new","234.00 TJS","https://www.toj-vitamin.tj/product/креатин-порошок-мышцы,-энергия-цитрус-300г-gls","https://azbseceyovktqztjslup.supabase.co/storage/v1/object/public/product-images/transparent/prod-59.png","GLS Pharmaceuticals","Health & Beauty > Health Care > Fitness & Nutrition > Vitamins & Supplements","health & beauty > health care > fitness & nutrition > vitamins & supplements","Витамины и БАД"
"prod_6","Аминокислотный комплекс порошок (рельеф мышц, энергия) 156г GLS","Премиальный продукт GLS для укрепления здоровья. Биологически активная добавка к пище (БАД). Не является лекарственным средством.","in stock","new","163.00 TJS","https://www.toj-vitamin.tj/product/аминокислотный-комплекс-порошок-рельеф-мышц,-энергия-156г-gls","https://azbseceyovktqztjslup.supabase.co/storage/v1/object/public/product-images/6-1781630353525.jpg","GLS Pharmaceuticals","Health & Beauty > Health Care > Fitness & Nutrition > Vitamins & Supplements","health & beauty > health care > fitness & nutrition > vitamins & supplements","Витамины и БАД"
"prod_60","Креатин порошок (мышцы, энергия) Цитрус 150г GLS","Премиальный продукт бренда TOJ-VITAMIN для укрепления здоровья. Биологически активная добавка к пище (БАД). Не является лекарственным средством.","in stock","new","143.00 TJS","https://www.toj-vitamin.tj/product/креатин-порошок-мышцы,-энергия-цитрус-150г-gls","https://azbseceyovktqztjslup.supabase.co/storage/v1/object/public/product-images/60-1784049444412.jpg","GLS Pharmaceuticals","Health & Beauty > Health Care > Fitness & Nutrition > Vitamins & Supplements","health & beauty > health care > fitness & nutrition > vitamins & supplements","Витамины и БАД"
"prod_61","Креатин порошок (мышцы, энергия) Экзотик 150г GLS","Премиальный продукт GLS для укрепления здоровья. Биологически активная добавка к пище (БАД). Не является лекарственным средством.","in stock","new","143.00 TJS","https://www.toj-vitamin.tj/product/креатин-порошок-мышцы,-энергия-экзотик-150г-gls","https://azbseceyovktqztjslup.supabase.co/storage/v1/object/public/product-images/transparent/prod-61.png","GLS Pharmaceuticals","Health & Beauty > Health Care > Fitness & Nutrition > Vitamins & Supplements","health & beauty > health care > fitness & nutrition > vitamins & supplements","Витамины и БАД"
"prod_62","Креатин порошок (мышцы, энергия) Экзотик 300г GLS","Премиальный продукт бренда TOJ-VITAMIN для укрепления здоровья. Биологически активная добавка к пище (БАД). Не является лекарственным средством.","in stock","new","143.00 TJS","https://www.toj-vitamin.tj/product/креатин-порошок-мышцы,-энергия-экзотик-300г-gls","https://azbseceyovktqztjslup.supabase.co/storage/v1/object/public/product-images/transparent/prod-62.png","GLS Pharmaceuticals","Health & Beauty > Health Care > Fitness & Nutrition > Vitamins & Supplements","health & beauty > health care > fitness & nutrition > vitamins & supplements","Витамины и БАД"
"prod_63","Липотропный фактор капс. (поддержка печени, метаболизм) 450мг №180 GLS","Премиальный продукт GLS для укрепления здоровья. Биологически активная добавка к пище (БАД). Не является лекарственным средством.","in stock","new","156.00 TJS","https://www.toj-vitamin.tj/product/липотропный-фактор-капс.-похудение,-печень-450мг-№180-gls","https://azbseceyovktqztjslup.supabase.co/storage/v1/object/public/product-images/transparent/prod-63.png","GLS Pharmaceuticals","Health & Beauty > Health Care > Fitness & Nutrition > Vitamins & Supplements","health & beauty > health care > fitness & nutrition > vitamins & supplements","Витамины и БАД"
"prod_64","L-Карнитин капс. (энергия, выносливость) 400мг №60 GLS","Премиальный продукт бренда TOJ-VITAMIN для укрепления здоровья. Биологически активная добавка к пище (БАД). Не является лекарственным средством.","in stock","new","78.00 TJS","https://www.toj-vitamin.tj/product/л-карнитин-капс.-похудение,-мышцы-400мг-№60-gls","https://azbseceyovktqztjslup.supabase.co/storage/v1/object/public/product-images/transparent/prod-64.png","GLS Pharmaceuticals","Health & Beauty > Health Care > Fitness & Nutrition > Vitamins & Supplements","health & beauty > health care > fitness & nutrition > vitamins & supplements","Витамины и БАД"
"prod_65","Магний В6 для беременных капс. 450мг №180 GLS","Премиальный продукт GLS для укрепления здоровья. Биологически активная добавка к пище (БАД). Не является лекарственным средством.","in stock","new","117.00 TJS","https://www.toj-vitamin.tj/product/магний-в6-для-беременных-капс.-450мг-№180-gls","https://azbseceyovktqztjslup.supabase.co/storage/v1/object/public/product-images/transparent/prod-65.png","GLS Pharmaceuticals","Health & Beauty > Health Care > Fitness & Nutrition > Vitamins & Supplements","health & beauty > health care > fitness & nutrition > vitamins & supplements","Витамины и БАД"
"prod_66","Магний Хелат капс. (сон, нервы, сердце) 400мг №180 GLS","Премиальный продукт GLS для укрепления здоровья. Биологически активная добавка к пище (БАД). Не является лекарственным средством.","in stock","new","117.00 TJS","https://www.toj-vitamin.tj/product/магний-хелат-капс.-сон,-нервы,-сердце-400мг-№180-gls","https://azbseceyovktqztjslup.supabase.co/storage/v1/object/public/product-images/transparent/prod-66.png","GLS Pharmaceuticals","Health & Beauty > Health Care > Fitness & Nutrition > Vitamins & Supplements","health & beauty > health care > fitness & nutrition > vitamins & supplements","Витамины и БАД"
"prod_67","Магний Цитрат + В6 капс (спокойствие, мышцы, сердце) 500мг №180 GLS","Премиальный продукт GLS для укрепления здоровья. Биологически активная добавка к пище (БАД). Не является лекарственным средством.","in stock","new","130.00 TJS","https://www.toj-vitamin.tj/product/магний-цитрат-+-в6-капс-спокойствие,-мышцы,-сердце-500мг-№180-gls","https://azbseceyovktqztjslup.supabase.co/storage/v1/object/public/product-images/transparent/prod-67.png","GLS Pharmaceuticals","Health & Beauty > Health Care > Fitness & Nutrition > Vitamins & Supplements","health & beauty > health care > fitness & nutrition > vitamins & supplements","Витамины и БАД"
"prod_68","Магний Цитрат + В6 капс (спокойствие, мышцы, сердце) 500мг №90 GLS","Премиальный продукт бренда TOJ-VITAMIN для укрепления здоровья. Биологически активная добавка к пище (БАД). Не является лекарственным средством.","in stock","new","78.00 TJS","https://www.toj-vitamin.tj/product/магний-цитрат-+-в6-капс-спокойствие,-мышцы,-сердце-500мг-№90-gls","https://azbseceyovktqztjslup.supabase.co/storage/v1/object/public/product-images/transparent/prod-68.png","GLS Pharmaceuticals","Health & Beauty > Health Care > Fitness & Nutrition > Vitamins & Supplements","health & beauty > health care > fitness & nutrition > vitamins & supplements","Витамины и БАД"
"prod_69","Мака перуанская капс 350мг №60 GLS","Премиальный продукт бренда TOJ-VITAMIN для укрепления здоровья. Биологически активная добавка к пище (БАД). Не является лекарственным средством.","in stock","new","125.00 TJS","https://www.toj-vitamin.tj/product/мака-перуанская-капс-350мг-№60-gls","https://azbseceyovktqztjslup.supabase.co/storage/v1/object/public/product-images/transparent/prod-69.png","GLS Pharmaceuticals","Health & Beauty > Health Care > Fitness & Nutrition > Vitamins & Supplements","health & beauty > health care > fitness & nutrition > vitamins & supplements","Витамины и БАД"
"prod_7","Аргинин 1000 капс. (сосуды, мышцы) 400мг №90 GLS","Премиальный продукт GLS для укрепления здоровья. Биологически активная добавка к пище (БАД). Не является лекарственным средством.","in stock","new","78.00 TJS","https://www.toj-vitamin.tj/product/аргинин-1000-капс.-сосуды,-мышцы-400мг-№90-gls","https://azbseceyovktqztjslup.supabase.co/storage/v1/object/public/product-images/transparent/prod-7.png","GLS Pharmaceuticals","Health & Beauty > Health Care > Fitness & Nutrition > Vitamins & Supplements","health & beauty > health care > fitness & nutrition > vitamins & supplements","Витамины и БАД"
"prod_70","Мелатонин Мелиссон капс. (сон, спокойствие) 2мг №60 GLS","Премиальный продукт GLS для укрепления здоровья. Биологически активная добавка к пище (БАД). Не является лекарственным средством.","in stock","new","91.00 TJS","https://www.toj-vitamin.tj/product/мелатонин-мелиссон-капс.-сон,-спокойствие-2мг-№60-gls","https://azbseceyovktqztjslup.supabase.co/storage/v1/object/public/product-images/transparent/prod-70.png","GLS Pharmaceuticals","Health & Beauty > Health Care > Fitness & Nutrition > Vitamins & Supplements","health & beauty > health care > fitness & nutrition > vitamins & supplements","Витамины и БАД"
"prod_71","Мужская формула капс. (мужской тонус, энергия) 440мг №60 GLS","Премиальный продукт GLS для укрепления здоровья. Биологически активная добавка к пище (БАД). Не является лекарственным средством.","in stock","new","98.00 TJS","https://www.toj-vitamin.tj/product/мужская-формула-капс.-мужская-сыла,-энергия-440мг-№60-gls","https://azbseceyovktqztjslup.supabase.co/storage/v1/object/public/product-images/transparent/prod-71.png","GLS Pharmaceuticals","Health & Beauty > Health Care > Fitness & Nutrition > Vitamins & Supplements","health & beauty > health care > fitness & nutrition > vitamins & supplements","Витамины и БАД"
"prod_72","Мультивитамины 12+9 капс.420мг №120 GLS","Премиальный продукт бренда TOJ-VITAMIN для укрепления здоровья. Биологически активная добавка к пище (БАД). Не является лекарственным средством.","in stock","new","117.00 TJS","https://www.toj-vitamin.tj/product/мультивитамины-12+9-капс.420мг-№120-gls","https://azbseceyovktqztjslup.supabase.co/storage/v1/object/public/product-images/transparent/prod-72.png","GLS Pharmaceuticals","Health & Beauty > Health Care > Fitness & Nutrition > Vitamins & Supplements","health & beauty > health care > fitness & nutrition > vitamins & supplements","Витамины и БАД"
"prod_73","Мультивитамины 12+9 капс.420мг №60 GLS","Премиальный продукт GLS для укрепления здоровья. Биологически активная добавка к пище (БАД). Не является лекарственным средством.","in stock","new","78.00 TJS","https://www.toj-vitamin.tj/product/мультивитамины-12+9-капс.420мг-№60-gls","https://azbseceyovktqztjslup.supabase.co/storage/v1/object/public/product-images/transparent/prod-73.png","GLS Pharmaceuticals","Health & Beauty > Health Care > Fitness & Nutrition > Vitamins & Supplements","health & beauty > health care > fitness & nutrition > vitamins & supplements","Витамины и БАД"
"prod_74","Мультивитамины актив шипучие таб. №20 мультифрукт","Премиальный продукт GLS для укрепления здоровья. Биологически активная добавка к пище (БАД). Не является лекарственным средством.","in stock","new","65.00 TJS","https://www.toj-vitamin.tj/product/мультивитамины-актив-шипучие-таб.-№20-мультифрукт","https://azbseceyovktqztjslup.supabase.co/storage/v1/object/public/product-images/transparent/prod-74.png","GLS Pharmaceuticals","Health & Beauty > Health Care > Fitness & Nutrition > Vitamins & Supplements","health & beauty > health care > fitness & nutrition > vitamins & supplements","Витамины и БАД"
"prod_75","Мультивитамины для детей капс. (развитие, мозг) 450мг №60 GLS","Премиальный продукт бренда TOJ-VITAMIN для укрепления здоровья. Биологически активная добавка к пище (БАД). Не является лекарственным средством.","in stock","new","78.00 TJS","https://www.toj-vitamin.tj/product/мультивитамины-для-детей-капс.-развитие,-мозг-450мг-№60-gls","https://azbseceyovktqztjslup.supabase.co/storage/v1/object/public/product-images/transparent/prod-75.png","GLS Pharmaceuticals","Health & Beauty > Health Care > Fitness & Nutrition > Vitamins & Supplements","health & beauty > health care > fitness & nutrition > vitamins & supplements","Витамины и БАД"
"prod_76","Мультивитамины для детей паст. (развитие, мозг) №90 GLS","Премиальный продукт GLS для укрепления здоровья. Биологически активная добавка к пище (БАД). Не является лекарственным средством.","in stock","new","176.00 TJS","https://www.toj-vitamin.tj/product/мультивитамины-для-детей-паст.-развитие,-мозг-№90-gls","https://azbseceyovktqztjslup.supabase.co/storage/v1/object/public/product-images/transparent/prod-76.png","GLS Pharmaceuticals","Health & Beauty > Health Care > Fitness & Nutrition > Vitamins & Supplements","health & beauty > health care > fitness & nutrition > vitamins & supplements","Витамины и БАД"
"prod_77","Мумие экстракт капс. (красивая кожа, суставы) 300мг 400мг №60 GLS","Премиальный продукт бренда TOJ-VITAMIN для укрепления здоровья. Биологически активная добавка к пище (БАД). Не является лекарственным средством.","in stock","new","78.00 TJS","https://www.toj-vitamin.tj/product/мумие-экстракт-капс.-красивая-кожа,-суставы-300мг-400мг-№60-gls","https://azbseceyovktqztjslup.supabase.co/storage/v1/object/public/product-images/transparent/prod-77.png","GLS Pharmaceuticals","Health & Beauty > Health Care > Fitness & Nutrition > Vitamins & Supplements","health & beauty > health care > fitness & nutrition > vitamins & supplements","Витамины и БАД"
"prod_79","Омега 3-6-9 капс. 700мг №90 GLS","Премиальный продукт GLS для укрепления здоровья. Биологически активная добавка к пище (БАД). Не является лекарственным средством.","in stock","new","176.00 TJS","https://www.toj-vitamin.tj/product/омега-3-6-9-капс.-700мг-№90-gls","https://azbseceyovktqztjslup.supabase.co/storage/v1/object/public/product-images/transparent/prod-79.png","GLS Pharmaceuticals","Health & Beauty > Health Care > Fitness & Nutrition > Vitamins & Supplements","health & beauty > health care > fitness & nutrition > vitamins & supplements","Витамины и БАД"
"prod_8","Артурон капс. (мужской тонус, активность) 500мг №90 GLS","Премиальный продукт GLS для укрепления здоровья. Биологически активная добавка к пище (БАД). Не является лекарственным средством.","in stock","new","143.00 TJS","https://www.toj-vitamin.tj/product/артурон-капс.-мужская-сила,-энергия-500мг-№90-gls","https://azbseceyovktqztjslup.supabase.co/storage/v1/object/public/product-images/transparent/prod-8.png","GLS Pharmaceuticals","Health & Beauty > Health Care > Fitness & Nutrition > Vitamins & Supplements","health & beauty > health care > fitness & nutrition > vitamins & supplements","Витамины и БАД"
"prod_80","Омега-3 35%ПНЖК капс. 610г №120 GLS","Премиальный продукт GLS для укрепления здоровья. Биологически активная добавка к пище (БАД). Не является лекарственным средством.","in stock","new","117.00 TJS","https://www.toj-vitamin.tj/product/омега-3-35пнжк-капс.-610г-№120-gls","https://azbseceyovktqztjslup.supabase.co/storage/v1/object/public/product-images/transparent/prod-80.png","GLS Pharmaceuticals","Health & Beauty > Health Care > Fitness & Nutrition > Vitamins & Supplements","health & beauty > health care > fitness & nutrition > vitamins & supplements","Витамины и БАД"
"prod_82","Омега-3 Fish Oil капс. (сосуды, иммунитет, суставы) 720мг №120","Премиальный продукт GLS для укрепления здоровья. Биологически активная добавка к пище (БАД). Не является лекарственным средством.","in stock","new","169.00 TJS","https://www.toj-vitamin.tj/product/омега-3-fish-oil-капс.-сосуды,-иммунитет,-суставы-720мг-№120","https://azbseceyovktqztjslup.supabase.co/storage/v1/object/public/product-images/transparent/prod-82.png","GLS Pharmaceuticals","Health & Beauty > Health Care > Fitness & Nutrition > Vitamins & Supplements","health & beauty > health care > fitness & nutrition > vitamins & supplements","Витамины и БАД"
"prod_83","Омега-3 Витамин D3 капс. (сердце, концентрация ума) 700мг №120 GLS","Премиальный продукт GLS для укрепления здоровья. Биологически активная добавка к пище (БАД). Не является лекарственным средством.","in stock","new","215.00 TJS","https://www.toj-vitamin.tj/product/омега-3-витамин-d3-капс.-сердце,-концентрация-ума-700мг-№120-gls","https://azbseceyovktqztjslup.supabase.co/storage/v1/object/public/product-images/transparent/prod-83.png","GLS Pharmaceuticals","Health & Beauty > Health Care > Fitness & Nutrition > Vitamins & Supplements","health & beauty > health care > fitness & nutrition > vitamins & supplements","Витамины и БАД"
"prod_84","Омега-3 Витамин D3 капс. (сердце, концентрация ума) 700мг №60 GLS","Премиальный продукт бренда TOJ-VITAMIN для укрепления здоровья. Биологически активная добавка к пище (БАД). Не является лекарственным средством.","in stock","new","130.00 TJS","https://www.toj-vitamin.tj/product/омега-3-витамин-d3-капс.-сердце,-концентрация-ума-700мг-№60-gls","https://azbseceyovktqztjslup.supabase.co/storage/v1/object/public/product-images/transparent/prod-84.png","GLS Pharmaceuticals","Health & Beauty > Health Care > Fitness & Nutrition > Vitamins & Supplements","health & beauty > health care > fitness & nutrition > vitamins & supplements","Витамины и БАД"
"prod_85","Протеин порошок (мышцы, тонус, энергия) 900г Ваниль GLS","Премиальный продукт GLS для укрепления здоровья. Биологически активная добавка к пище (БАД). Не является лекарственным средством.","in stock","new","455.00 TJS","https://www.toj-vitamin.tj/product/протеин-порошок-вес,-мышцы,-энергия-900г-ваниль-gls","https://azbseceyovktqztjslup.supabase.co/storage/v1/object/public/product-images/transparent/prod-85.png","GLS Pharmaceuticals","Health & Beauty > Health Care > Fitness & Nutrition > Vitamins & Supplements","health & beauty > health care > fitness & nutrition > vitamins & supplements","Витамины и БАД"
"prod_86","Протеин порошок (мышцы, тонус, энергия) 900г Клубника GLS","Премиальный продукт бренда TOJ-VITAMIN для укрепления здоровья. Биологически активная добавка к пище (БАД). Не является лекарственным средством.","in stock","new","455.00 TJS","https://www.toj-vitamin.tj/product/протеин-порошок-вес,-мышцы,-энергия-900г-клубника-gls","https://azbseceyovktqztjslup.supabase.co/storage/v1/object/public/product-images/transparent/prod-86.png","GLS Pharmaceuticals","Health & Beauty > Health Care > Fitness & Nutrition > Vitamins & Supplements","health & beauty > health care > fitness & nutrition > vitamins & supplements","Витамины и БАД"
"prod_87","Протеин порошок (мышцы, тонус, энергия) 900г Сливочный банан GLS","Премиальный продукт бренда TOJ-VITAMIN для укрепления здоровья. Биологически активная добавка к пище (БАД). Не является лекарственным средством.","in stock","new","455.00 TJS","https://www.toj-vitamin.tj/product/протеин-порошок-вес,-мышцы,-энергия-900г-сливочный-банан-gls","https://azbseceyovktqztjslup.supabase.co/storage/v1/object/public/product-images/transparent/prod-87.png","GLS Pharmaceuticals","Health & Beauty > Health Care > Fitness & Nutrition > Vitamins & Supplements","health & beauty > health care > fitness & nutrition > vitamins & supplements","Витамины и БАД"
"prod_88","Протеин порошок (мышцы, тонус, энергия) 900г Шоколад GLS","Премиальный продукт GLS для укрепления здоровья. Биологически активная добавка к пище (БАД). Не является лекарственным средством.","in stock","new","455.00 TJS","https://www.toj-vitamin.tj/product/протеин-порошок-вес,-мышцы,-энергия-900г-шоколад-gls","https://azbseceyovktqztjslup.supabase.co/storage/v1/object/public/product-images/transparent/prod-88.png","GLS Pharmaceuticals","Health & Beauty > Health Care > Fitness & Nutrition > Vitamins & Supplements","health & beauty > health care > fitness & nutrition > vitamins & supplements","Витамины и БАД"
"prod_89","Селен 100мкг капс. (красота, иммунитет) 270мг №60 GLS","Премиальный продукт GLS для укрепления здоровья. Биологически активная добавка к пище (БАД). Не является лекарственным средством.","in stock","new","78.00 TJS","https://www.toj-vitamin.tj/product/селен-100мкг-капс.-красота,-иммунитет-270мг-№60-gls","https://azbseceyovktqztjslup.supabase.co/storage/v1/object/public/product-images/transparent/prod-89.png","GLS Pharmaceuticals","Health & Beauty > Health Care > Fitness & Nutrition > Vitamins & Supplements","health & beauty > health care > fitness & nutrition > vitamins & supplements","Витамины и БАД"
"prod_91","Спортивная формула капс. 450мг №60 GLS","Премиальный продукт GLS для укрепления здоровья. Биологически активная добавка к пище (БАД). Не является лекарственным средством.","in stock","new","130.00 TJS","https://www.toj-vitamin.tj/product/спортивная-формула-капс.-450мг-№60-gls","https://azbseceyovktqztjslup.supabase.co/storage/v1/object/public/product-images/transparent/prod-91.png","GLS Pharmaceuticals","Health & Beauty > Health Care > Fitness & Nutrition > Vitamins & Supplements","health & beauty > health care > fitness & nutrition > vitamins & supplements","Витамины и БАД"
"prod_92","Таурин 1000МЕ капс. (тонус, выносливость, мышцы) 400мг №90 GLS","Премиальный продукт GLS для укрепления здоровья. Биологически активная добавка к пище (БАД). Не является лекарственным средством.","in stock","new","78.00 TJS","https://www.toj-vitamin.tj/product/таурин-1000ме-капс.-мышцы,-похудение,-выносливость-400мг-№90-gls","https://azbseceyovktqztjslup.supabase.co/storage/v1/object/public/product-images/transparent/prod-92.png","GLS Pharmaceuticals","Health & Beauty > Health Care > Fitness & Nutrition > Vitamins & Supplements","health & beauty > health care > fitness & nutrition > vitamins & supplements","Витамины и БАД"
"prod_93","Тирозин капс. (тонус, энергия, сердце) 500мг №90 GLS","Премиальный продукт бренда TOJ-VITAMIN для укрепления здоровья. Биологически активная добавка к пище (БАД). Не является лекарственным средством.","in stock","new","98.00 TJS","https://www.toj-vitamin.tj/product/тирозин-капс.-похудение,-сердце-500мг-№90-gls","https://azbseceyovktqztjslup.supabase.co/storage/v1/object/public/product-images/transparent/prod-93.png","GLS Pharmaceuticals","Health & Beauty > Health Care > Fitness & Nutrition > Vitamins & Supplements","health & beauty > health care > fitness & nutrition > vitamins & supplements","Витамины и БАД"
"prod_94","Фолиевая кислота капс. (для беременных) №60 GLS","Премиальный продукт GLS для укрепления здоровья. Биологически активная добавка к пище (БАД). Не является лекарственным средством.","in stock","new","52.00 TJS","https://www.toj-vitamin.tj/product/фолиевая-кислота-капс.-для-беременных-№60-gls","https://azbseceyovktqztjslup.supabase.co/storage/v1/object/public/product-images/transparent/prod-94.png","GLS Pharmaceuticals","Health & Beauty > Health Care > Fitness & Nutrition > Vitamins & Supplements","health & beauty > health care > fitness & nutrition > vitamins & supplements","Витамины и БАД"
"prod_95","GLS Фито Комплекс Баланс капс. 400мг №60","Премиальный продукт GLS для укрепления здоровья. Биологически активная добавка к пище (БАД). Не является лекарственным средством.","in stock","new","91.00 TJS","https://www.toj-vitamin.tj/product/формула-очищение-капс.400мг-№60-gls","https://azbseceyovktqztjslup.supabase.co/storage/v1/object/public/product-images/transparent/prod-95.png","GLS Pharmaceuticals","Health & Beauty > Health Care > Fitness & Nutrition > Vitamins & Supplements","health & beauty > health care > fitness & nutrition > vitamins & supplements","Витамины и БАД"
"prod_96","Формула памяти ""Ноофит"" капс.400мг №60 GLS","Премиальный продукт GLS для укрепления здоровья. Биологически активная добавка к пище (БАД). Не является лекарственным средством.","in stock","new","91.00 TJS","https://www.toj-vitamin.tj/product/формула-памяти-ноофит-капс.400мг-№60-gls","https://azbseceyovktqztjslup.supabase.co/storage/v1/object/public/product-images/transparent/prod-96.png","GLS Pharmaceuticals","Health & Beauty > Health Care > Fitness & Nutrition > Vitamins & Supplements","health & beauty > health care > fitness & nutrition > vitamins & supplements","Витамины и БАД"
"prod_97","Хитозан морской капс. (комфортное пищеварение) 240мг №100 GLS","Премиальный продукт GLS для укрепления здоровья. Биологически активная добавка к пище (БАД). Не является лекарственным средством.","in stock","new","143.00 TJS","https://www.toj-vitamin.tj/product/хитозан-морской-капс.-пищеварение,-очищение,-похудение-240мг-№100-gls","https://azbseceyovktqztjslup.supabase.co/storage/v1/object/public/product-images/transparent/prod-97.png","GLS Pharmaceuticals","Health & Beauty > Health Care > Fitness & Nutrition > Vitamins & Supplements","health & beauty > health care > fitness & nutrition > vitamins & supplements","Витамины и БАД"
"prod_98","Хлорофилл капс. (тонус, антиоксидант, энергия) №60 GLS","Премиальный продукт GLS для укрепления здоровья. Биологически активная добавка к пище (БАД). Не является лекарственным средством.","in stock","new","117.00 TJS","https://www.toj-vitamin.tj/product/хлорофилл-капс.-очищение,-энергия-№60-gls","https://azbseceyovktqztjslup.supabase.co/storage/v1/object/public/product-images/transparent/prod-98.png","GLS Pharmaceuticals","Health & Beauty > Health Care > Fitness & Nutrition > Vitamins & Supplements","health & beauty > health care > fitness & nutrition > vitamins & supplements","Витамины и БАД"
"prod_99","Хрома пиколинат 250мкг капс. (контроль аппетита, метаболизм) 240мг №120 GLS","Премиальный продукт GLS для укрепления здоровья. Биологически активная добавка к пище (БАД). Не является лекарственным средством.","in stock","new","91.00 TJS","https://www.toj-vitamin.tj/product/хрома-пиколинат-250мкг-капс.-похудение,-метаболизм-240мг-№120-gls","https://azbseceyovktqztjslup.supabase.co/storage/v1/object/public/product-images/transparent/prod-99.png","GLS Pharmaceuticals","Health & Beauty > Health Care > Fitness & Nutrition > Vitamins & Supplements","health & beauty > health care > fitness & nutrition > vitamins & supplements","Витамины и БАД"