Артикул;Наименование товара;Оптовая цена (TJS);Рекомендованная розничная цена (TJS);Потенциальная маржа (TJS);Форма выпуска;Ссылка на фото товара
"GLS-1";"5-HTP капс. (спокойствие, сон) 400мг №60 GLS";"70";"91";"21";"№60";"https://azbseceyovktqztjslup.supabase.co/storage/v1/object/public/product-images/transparent/prod-1.png"
"GLS-10";"Бета-каротин капс (омоложение, кожа, зрение) 450мг №60 GLS";"100";"130";"30";"№60";"https://azbseceyovktqztjslup.supabase.co/storage/v1/object/public/product-images/transparent/prod-10.png"
"GLS-101";"Цинк без сахара шипучие таб.№20 м.3,8г лимон GLS";"50";"65";"15";"№20";"https://azbseceyovktqztjslup.supabase.co/storage/v1/object/public/product-images/transparent/prod-101.png"
"GLS-102";"Цинк селен капс. (красота, антиоксидант) 320мг №60 GLS";"50";"65";"15";"№60";"https://azbseceyovktqztjslup.supabase.co/storage/v1/object/public/product-images/transparent/prod-102.png"
"GLS-103";"Цинк хелат капс. (для мужчин и волос) 400мг №60 GLS";"50";"65";"15";"№60";"https://azbseceyovktqztjslup.supabase.co/storage/v1/object/public/product-images/transparent/prod-103.png"
"GLS-104";"Цинк цитрат капс. (для силы мужчин и женщин)350мг №60 GLS";"50";"65";"15";"№60";"https://azbseceyovktqztjslup.supabase.co/storage/v1/object/public/product-images/transparent/prod-104.png"
"GLS-106";"Черника+А+Е капс.(зрение, глаз) 400мг №60 GLS";"60";"78";"18";"№60";"https://azbseceyovktqztjslup.supabase.co/storage/v1/object/public/product-images/transparent/prod-106.png"
"GLS-107";"Чеснок экстракт капс. (иммунитет, сосуды) 400мг №60 GLS";"70";"91";"21";"№60";"https://azbseceyovktqztjslup.supabase.co/storage/v1/object/public/product-images/transparent/prod-107.png"
"GLS-108";"Жидкий хлорофил GLS 500 мг";"220";"286";"66";"Упаковка";"https://azbseceyovktqztjslup.supabase.co/storage/v1/object/public/product-images/108-1788580613157.jpg"
"GLS-109";"GLS Комплекс для мужчин (сила, тонус и энергия)";"130";"169";"39";"Упаковка";"https://azbseceyovktqztjslup.supabase.co/storage/v1/object/public/product-images/109-1788580705696.jpg"
"GLS-11";"Биотин без сахара шипучие таб. (красота, кожа) №20 масса 3.8г GLS";"45";"59";"14";"№20";"https://azbseceyovktqztjslup.supabase.co/storage/v1/object/public/product-images/transparent/prod-11.png"
"GLS-110";"Л-аргинин";"130";"169";"39";"Упаковка";"https://azbseceyovktqztjslup.supabase.co/storage/v1/object/public/product-images/110-1788580779052.jpg"
"GLS-111";"Омега 3 pro GLS #120";"300";"390";"90";"Упаковка";"https://azbseceyovktqztjslup.supabase.co/storage/v1/object/public/product-images/111-1788589871610.jpg"
"GLS-12";"Витамин B12 капс.(кровь, нервы) 190мг №60 GLS";"45";"59";"14";"№60";"https://azbseceyovktqztjslup.supabase.co/storage/v1/object/public/product-images/transparent/prod-12.png"
"GLS-13";"Витамин B5 капс. (энергия, обмен веществ) 400мг №60 GLS";"45";"59";"14";"№60";"https://azbseceyovktqztjslup.supabase.co/storage/v1/object/public/product-images/13-1786255594475.jpg"
"GLS-14";"Витамин D3 для детей паст. (иммунитет, кости) №30 GLS";"45";"59";"14";"№30";"https://azbseceyovktqztjslup.supabase.co/storage/v1/object/public/product-images/transparent/prod-14.png"
"GLS-15";"Витамин D3 для детей паст. (иммунитет, кости) №90 GLS";"80";"104";"24";"№90";"https://azbseceyovktqztjslup.supabase.co/storage/v1/object/public/product-images/transparent/prod-15.png"
"GLS-16";"Витамин А 10000МЕ капс. (красота, зрение) 400мг №60 GLS";"60";"78";"18";"№60";"https://azbseceyovktqztjslup.supabase.co/storage/v1/object/public/product-images/transparent/prod-16.png"
"GLS-18";"Витамин Д3 2000МЕ капс. (иммунитет, кости) 240мг №60 GLS";"50";"65";"15";"№60";"https://azbseceyovktqztjslup.supabase.co/storage/v1/object/public/product-images/transparent/prod-18.png"
"GLS-19";"Витамин Д3+К2 капс. (кости, сосуды) 220мг №60 GLS";"70";"91";"21";"№60";"https://azbseceyovktqztjslup.supabase.co/storage/v1/object/public/product-images/transparent/prod-19.png"
"GLS-2";"MSM комплекс капс.400мг №120 GLS";"120";"156";"36";"№120";"https://azbseceyovktqztjslup.supabase.co/storage/v1/object/public/product-images/transparent/prod-2.png"
"GLS-20";"Витамин К2 капс. (омоложение, сосуды) 400мг №60 GLS";"80";"104";"24";"№60";"https://azbseceyovktqztjslup.supabase.co/storage/v1/object/public/product-images/transparent/prod-20.png"
"GLS-21";"Витамин С детс. паст. (иммунитет, сердце) №90 апельсин";"120";"156";"36";"№90";"https://azbseceyovktqztjslup.supabase.co/storage/v1/object/public/product-images/transparent/prod-21.png"
"GLS-22";"Витамин С капс. (иммунитет, сердце, красота) 900мг 500мг №60 GLS";"50";"65";"15";"№60";"https://azbseceyovktqztjslup.supabase.co/storage/v1/object/public/product-images/transparent/prod-22.png"
"GLS-23";"Витамин С шипучие таб. (иммунитет, сердце, красота) 900мг №20 апельсин";"45";"59";"14";"№20";"https://azbseceyovktqztjslup.supabase.co/storage/v1/object/public/product-images/transparent/prod-23.png"
"GLS-24";"Витамин С шипучие таб. (иммунитет, сердце, красота) 900мг №20 лимон";"45";"59";"14";"№20";"https://azbseceyovktqztjslup.supabase.co/storage/v1/object/public/product-images/transparent/prod-24.png"
"GLS-25";"Витамины для беременных капс.500мг №60 GLS";"50";"65";"15";"№60";"https://azbseceyovktqztjslup.supabase.co/storage/v1/object/public/product-images/transparent/prod-25.png"
"GLS-26";"Витамины для волос капс.370мг №60 GLS";"85";"111";"26";"№60";"https://azbseceyovktqztjslup.supabase.co/storage/v1/object/public/product-images/transparent/prod-26.png"
"GLS-27";"Витамины для глаз капс.420мг №60 GLS";"85";"111";"26";"№60";"https://azbseceyovktqztjslup.supabase.co/storage/v1/object/public/product-images/transparent/prod-27.png"
"GLS-28";"В-комплекс капс. (иммунитет, энергия) 430мг №60 GLS";"70";"91";"21";"№60";"https://azbseceyovktqztjslup.supabase.co/storage/v1/object/public/product-images/transparent/prod-28.png"
"GLS-29";"Гиалуроновая кислота капс. (красота, кожа, суставы) 300мг №30 GLS";"70";"91";"21";"№30";"https://azbseceyovktqztjslup.supabase.co/storage/v1/object/public/product-images/transparent/prod-29.png"
"GLS-3";"PQQ комплекс капс. (энергия, продуктивность) 400мг №30 GLS";"125";"163";"38";"№30";"https://azbseceyovktqztjslup.supabase.co/storage/v1/object/public/product-images/transparent/prod-3.png"
"GLS-30";"Гиалуроновая кислота капс. (красота, кожа, суставы) 300мг №60 GLS";"100";"130";"30";"№60";"https://azbseceyovktqztjslup.supabase.co/storage/v1/object/public/product-images/transparent/prod-30.png"
"GLS-31";"Гинкго билоба + Готу кола капс. (память, продуктивность) 380мг №60 GLS";"80";"104";"24";"№60";"https://azbseceyovktqztjslup.supabase.co/storage/v1/object/public/product-images/transparent/prod-31.png"
"GLS-32";"Глутатион капс. (антиоксидант, омоложение) 300мг №60 GLS";"80";"104";"24";"№60";"https://azbseceyovktqztjslup.supabase.co/storage/v1/object/public/product-images/transparent/prod-32.png"
"GLS-33";"Глюкозамин Хондроитин капс. (суставы, кости) 400мг №120 GLS";"110";"143";"33";"№120";"https://azbseceyovktqztjslup.supabase.co/storage/v1/object/public/product-images/transparent/prod-33.png"
"GLS-34";"GLS Глюко Баланс формула капс. 450мг №60";"85";"111";"26";"№60";"https://azbseceyovktqztjslup.supabase.co/storage/v1/object/public/product-images/transparent/prod-34.png"
"GLS-35";"Железо фумарат капс. (кислород, энергия, гемоглобин) 270мг №60 GLS";"40";"52";"12";"№60";"https://azbseceyovktqztjslup.supabase.co/storage/v1/object/public/product-images/transparent/prod-35.png"
"GLS-36";"Железо хелат капс. (энергия, уровень гемоглобина) 400мг №60 GLS";"45";"59";"14";"№60";"https://azbseceyovktqztjslup.supabase.co/storage/v1/object/public/product-images/transparent/prod-36.png"
"GLS-37";"Женская формула капс. (красота, молодость) 430мг №60 GLS";"65";"85";"20";"№60";"https://azbseceyovktqztjslup.supabase.co/storage/v1/object/public/product-images/transparent/prod-37.png"
"GLS-38";"Женьшень капс. (иммунитет, энергия) 200мг №60 GLS";"70";"91";"21";"№60";"https://azbseceyovktqztjslup.supabase.co/storage/v1/object/public/product-images/transparent/prod-38.png"
"GLS-39";"GLS Термо Комплекс капс. (тонус и метаболизм) №60";"110";"143";"33";"№60";"https://azbseceyovktqztjslup.supabase.co/storage/v1/object/public/product-images/transparent/prod-39.png"
"GLS-4";"Алоэ Вера капс. (красота, иммунитет) 400мг №60 GLS";"50";"65";"15";"№60";"https://azbseceyovktqztjslup.supabase.co/storage/v1/object/public/product-images/transparent/prod-4.png"
"GLS-40";"Инозитол (Максиферт) капс. (женский баланс и метаболизм) №90 GLS";"110";"143";"33";"№90";"https://azbseceyovktqztjslup.supabase.co/storage/v1/object/public/product-images/transparent/prod-40.png"
"GLS-41";"Йод капс. (щитовидная железа, баланс) №60 GLS";"50";"65";"15";"№60";"https://azbseceyovktqztjslup.supabase.co/storage/v1/object/public/product-images/transparent/prod-41.png"
"GLS-42";"Экстракт Йохимбе капс. (жизненный тонус и активность) 350мг №60 GLS";"96";"125";"29";"№60";"https://azbseceyovktqztjslup.supabase.co/storage/v1/object/public/product-images/transparent/prod-42.png"
"GLS-43";"Калий магний капс. (для сердца) 430мг №120 GLS";"80";"104";"24";"№120";"https://azbseceyovktqztjslup.supabase.co/storage/v1/object/public/product-images/transparent/prod-43.png"
"GLS-44";"Кальций D3 капс. (зубы, кости, ногти) 550мг №90 GLS";"50";"65";"15";"№90";"https://azbseceyovktqztjslup.supabase.co/storage/v1/object/public/product-images/transparent/prod-44.png"
"GLS-45";"Кальций Магний Цынк капс. (антистресс, кости) 750мг №120 GLS";"80";"104";"24";"№120";"https://azbseceyovktqztjslup.supabase.co/storage/v1/object/public/product-images/transparent/prod-45.png"
"GLS-46";"Кальций цитрат капс. (ногти, зубы, кости) №120 GLS";"60";"78";"18";"№120";"https://azbseceyovktqztjslup.supabase.co/storage/v1/object/public/product-images/transparent/prod-46.png"
"GLS-47";"Кардио формула капс.550мг №60 GLS";"100";"130";"30";"№60";"https://azbseceyovktqztjslup.supabase.co/storage/v1/object/public/product-images/transparent/prod-47.png"
"GLS-48";"Кожа Волосы Ногти капс. 400мг №60 GLS";"80";"104";"24";"№60";"https://azbseceyovktqztjslup.supabase.co/storage/v1/object/public/product-images/transparent/prod-48.png"
"GLS-49";"Коллаген для суставов капс.400мг №120 GLS";"90";"117";"27";"№120";"https://azbseceyovktqztjslup.supabase.co/storage/v1/object/public/product-images/transparent/prod-49.png"
"GLS-5";"Альфа-липоевая кислота капс. (антиоксидант, метаболизм) 400мг №60 GLS";"60";"78";"18";"№60";"https://azbseceyovktqztjslup.supabase.co/storage/v1/object/public/product-images/transparent/prod-5.png"
"GLS-50";"Коллаген животный капс. (красота, суставы) 400мг №120 GLS";"90";"117";"27";"№120";"https://azbseceyovktqztjslup.supabase.co/storage/v1/object/public/product-images/transparent/prod-50.png"
"GLS-51";"Коллаген морской 1000МЕ капс. (молодость, кожа, волосы) 430мг №180 GLS";"150";"195";"45";"№180";"https://azbseceyovktqztjslup.supabase.co/storage/v1/object/public/product-images/transparent/prod-51.png"
"GLS-52";"Коллаген морской 1000МЕ капс. (молодость, кожа, волосы) 430мг №90 GLS";"100";"130";"30";"№90";"https://azbseceyovktqztjslup.supabase.co/storage/v1/object/public/product-images/transparent/prod-52.png"
"GLS-53";"Коллаген порошок (красота, суставы) Лесные ягоды 180г GLS";"150";"195";"45";"180г";"https://azbseceyovktqztjslup.supabase.co/storage/v1/object/public/product-images/transparent/prod-53.png"
"GLS-54";"Коллаген порошок (красота, суставы) Лимон 180г GLS";"150";"195";"45";"180г";"https://azbseceyovktqztjslup.supabase.co/storage/v1/object/public/product-images/transparent/prod-54.png"
"GLS-55";"Коллаген порошок (красота, суставы) Малина 180г GLS";"150";"195";"45";"180г";"https://azbseceyovktqztjslup.supabase.co/storage/v1/object/public/product-images/transparent/prod-55.png"
"GLS-56";"Коэнзим Q10 капс. (красота, сердце) 310мг №60 GLS";"80";"104";"24";"№60";"https://azbseceyovktqztjslup.supabase.co/storage/v1/object/public/product-images/transparent/prod-56.png"
"GLS-57";"Креатин порошок (мышцы, энергия) Малина 150г GLS";"110";"143";"33";"150г";"https://azbseceyovktqztjslup.supabase.co/storage/v1/object/public/product-images/57-1784049324787.jpg"
"GLS-58";"Креатин порошок (мышцы, энергия) малина 300г GLS";"180";"234";"54";"300г";"https://azbseceyovktqztjslup.supabase.co/storage/v1/object/public/product-images/transparent/prod-58.png"
"GLS-59";"Креатин порошок (мышцы, энергия) Цитрус 300г GLS";"180";"234";"54";"300г";"https://azbseceyovktqztjslup.supabase.co/storage/v1/object/public/product-images/transparent/prod-59.png"
"GLS-6";"Аминокислотный комплекс порошок (рельеф мышц, энергия) 156г GLS";"125";"163";"38";"156г";"https://azbseceyovktqztjslup.supabase.co/storage/v1/object/public/product-images/6-1781630353525.jpg"
"GLS-60";"Креатин порошок (мышцы, энергия) Цитрус 150г GLS";"110";"143";"33";"150г";"https://azbseceyovktqztjslup.supabase.co/storage/v1/object/public/product-images/60-1784049444412.jpg"
"GLS-61";"Креатин порошок (мышцы, энергия) Экзотик 150г GLS";"110";"143";"33";"150г";"https://azbseceyovktqztjslup.supabase.co/storage/v1/object/public/product-images/transparent/prod-61.png"
"GLS-62";"Креатин порошок (мышцы, энергия) Экзотик 300г GLS";"110";"143";"33";"300г";"https://azbseceyovktqztjslup.supabase.co/storage/v1/object/public/product-images/transparent/prod-62.png"
"GLS-63";"Липотропный фактор капс. (поддержка печени, метаболизм) 450мг №180 GLS";"120";"156";"36";"№180";"https://azbseceyovktqztjslup.supabase.co/storage/v1/object/public/product-images/transparent/prod-63.png"
"GLS-64";"L-Карнитин капс. (энергия, выносливость) 400мг №60 GLS";"60";"78";"18";"№60";"https://azbseceyovktqztjslup.supabase.co/storage/v1/object/public/product-images/transparent/prod-64.png"
"GLS-65";"Магний В6 для беременных капс. 450мг №180 GLS";"90";"117";"27";"№180";"https://azbseceyovktqztjslup.supabase.co/storage/v1/object/public/product-images/transparent/prod-65.png"
"GLS-66";"Магний Хелат капс. (сон, нервы, сердце) 400мг №180 GLS";"90";"117";"27";"№180";"https://azbseceyovktqztjslup.supabase.co/storage/v1/object/public/product-images/transparent/prod-66.png"
"GLS-67";"Магний Цитрат + В6 капс (спокойствие, мышцы, сердце) 500мг №180 GLS";"100";"130";"30";"№180";"https://azbseceyovktqztjslup.supabase.co/storage/v1/object/public/product-images/transparent/prod-67.png"
"GLS-68";"Магний Цитрат + В6 капс (спокойствие, мышцы, сердце) 500мг №90 GLS";"60";"78";"18";"№90";"https://azbseceyovktqztjslup.supabase.co/storage/v1/object/public/product-images/transparent/prod-68.png"
"GLS-69";"Мака перуанская капс 350мг №60 GLS";"96";"125";"29";"№60";"https://azbseceyovktqztjslup.supabase.co/storage/v1/object/public/product-images/transparent/prod-69.png"
"GLS-7";"Аргинин 1000 капс. (сосуды, мышцы) 400мг №90 GLS";"60";"78";"18";"№90";"https://azbseceyovktqztjslup.supabase.co/storage/v1/object/public/product-images/transparent/prod-7.png"
"GLS-70";"Мелатонин Мелиссон капс. (сон, спокойствие) 2мг №60 GLS";"70";"91";"21";"№60";"https://azbseceyovktqztjslup.supabase.co/storage/v1/object/public/product-images/transparent/prod-70.png"
"GLS-71";"Мужская формула капс. (мужской тонус, энергия) 440мг №60 GLS";"75";"98";"23";"№60";"https://azbseceyovktqztjslup.supabase.co/storage/v1/object/public/product-images/transparent/prod-71.png"
"GLS-72";"Мультивитамины 12+9 капс.420мг №120 GLS";"90";"117";"27";"№120";"https://azbseceyovktqztjslup.supabase.co/storage/v1/object/public/product-images/transparent/prod-72.png"
"GLS-73";"Мультивитамины 12+9 капс.420мг №60 GLS";"60";"78";"18";"№60";"https://azbseceyovktqztjslup.supabase.co/storage/v1/object/public/product-images/transparent/prod-73.png"
"GLS-74";"Мультивитамины актив шипучие таб. №20 мультифрукт";"50";"65";"15";"№20";"https://azbseceyovktqztjslup.supabase.co/storage/v1/object/public/product-images/transparent/prod-74.png"
"GLS-75";"Мультивитамины для детей капс. (развитие, мозг) 450мг №60 GLS";"60";"78";"18";"№60";"https://azbseceyovktqztjslup.supabase.co/storage/v1/object/public/product-images/transparent/prod-75.png"
"GLS-76";"Мультивитамины для детей паст. (развитие, мозг) №90 GLS";"135";"176";"41";"№90";"https://azbseceyovktqztjslup.supabase.co/storage/v1/object/public/product-images/transparent/prod-76.png"
"GLS-77";"Мумие экстракт капс. (красивая кожа, суставы) 300мг 400мг №60 GLS";"60";"78";"18";"№60";"https://azbseceyovktqztjslup.supabase.co/storage/v1/object/public/product-images/transparent/prod-77.png"
"GLS-79";"Омега 3-6-9 капс. 700мг №90 GLS";"135";"176";"41";"№90";"https://azbseceyovktqztjslup.supabase.co/storage/v1/object/public/product-images/transparent/prod-79.png"
"GLS-8";"Артурон капс. (мужской тонус, активность) 500мг №90 GLS";"110";"143";"33";"№90";"https://azbseceyovktqztjslup.supabase.co/storage/v1/object/public/product-images/transparent/prod-8.png"
"GLS-80";"Омега-3 35%ПНЖК капс. 610г №120 GLS";"90";"117";"27";"610г";"https://azbseceyovktqztjslup.supabase.co/storage/v1/object/public/product-images/transparent/prod-80.png"
"GLS-82";"Омега-3 Fish Oil капс. (сосуды, иммунитет, суставы) 720мг №120";"130";"169";"39";"№120";"https://azbseceyovktqztjslup.supabase.co/storage/v1/object/public/product-images/transparent/prod-82.png"
"GLS-83";"Омега-3 Витамин D3 капс. (сердце, концентрация ума) 700мг №120 GLS";"165";"215";"50";"№120";"https://azbseceyovktqztjslup.supabase.co/storage/v1/object/public/product-images/transparent/prod-83.png"
"GLS-84";"Омега-3 Витамин D3 капс. (сердце, концентрация ума) 700мг №60 GLS";"100";"130";"30";"№60";"https://azbseceyovktqztjslup.supabase.co/storage/v1/object/public/product-images/transparent/prod-84.png"
"GLS-85";"Протеин порошок (мышцы, тонус, энергия) 900г Ваниль GLS";"350";"455";"105";"900г";"https://azbseceyovktqztjslup.supabase.co/storage/v1/object/public/product-images/transparent/prod-85.png"
"GLS-86";"Протеин порошок (мышцы, тонус, энергия) 900г Клубника GLS";"350";"455";"105";"900г";"https://azbseceyovktqztjslup.supabase.co/storage/v1/object/public/product-images/transparent/prod-86.png"
"GLS-87";"Протеин порошок (мышцы, тонус, энергия) 900г Сливочный банан GLS";"350";"455";"105";"900г";"https://azbseceyovktqztjslup.supabase.co/storage/v1/object/public/product-images/transparent/prod-87.png"
"GLS-88";"Протеин порошок (мышцы, тонус, энергия) 900г Шоколад GLS";"350";"455";"105";"900г";"https://azbseceyovktqztjslup.supabase.co/storage/v1/object/public/product-images/transparent/prod-88.png"
"GLS-89";"Селен 100мкг капс. (красота, иммунитет) 270мг №60 GLS";"60";"78";"18";"№60";"https://azbseceyovktqztjslup.supabase.co/storage/v1/object/public/product-images/transparent/prod-89.png"
"GLS-91";"Спортивная формула капс. 450мг №60 GLS";"100";"130";"30";"№60";"https://azbseceyovktqztjslup.supabase.co/storage/v1/object/public/product-images/transparent/prod-91.png"
"GLS-92";"Таурин 1000МЕ капс. (тонус, выносливость, мышцы) 400мг №90 GLS";"60";"78";"18";"№90";"https://azbseceyovktqztjslup.supabase.co/storage/v1/object/public/product-images/transparent/prod-92.png"
"GLS-93";"Тирозин капс. (тонус, энергия, сердце) 500мг №90 GLS";"75";"98";"23";"№90";"https://azbseceyovktqztjslup.supabase.co/storage/v1/object/public/product-images/transparent/prod-93.png"
"GLS-94";"Фолиевая кислота капс. (для беременных) №60 GLS";"40";"52";"12";"№60";"https://azbseceyovktqztjslup.supabase.co/storage/v1/object/public/product-images/transparent/prod-94.png"
"GLS-95";"GLS Фито Комплекс Баланс капс. 400мг №60";"70";"91";"21";"№60";"https://azbseceyovktqztjslup.supabase.co/storage/v1/object/public/product-images/transparent/prod-95.png"
"GLS-96";"Формула памяти ""Ноофит"" капс.400мг №60 GLS";"70";"91";"21";"№60";"https://azbseceyovktqztjslup.supabase.co/storage/v1/object/public/product-images/transparent/prod-96.png"
"GLS-97";"Хитозан морской капс. (комфортное пищеварение) 240мг №100 GLS";"110";"143";"33";"№100";"https://azbseceyovktqztjslup.supabase.co/storage/v1/object/public/product-images/transparent/prod-97.png"
"GLS-98";"Хлорофилл капс. (тонус, антиоксидант, энергия) №60 GLS";"90";"117";"27";"№60";"https://azbseceyovktqztjslup.supabase.co/storage/v1/object/public/product-images/transparent/prod-98.png"
"GLS-99";"Хрома пиколинат 250мкг капс. (контроль аппетита, метаболизм) 240мг №120 GLS";"70";"91";"21";"№120";"https://azbseceyovktqztjslup.supabase.co/storage/v1/object/public/product-images/transparent/prod-99.png"